{"username": "abhishek", "movie_ids": [12113, 14012, 18869, 2062, 120, 1024, 11191, 25793, 155, 33155, 394047, 4638, 65086, 68179, 9754, 33511, 11322, 4512, 39437, 9716, 29015, 131631, 59967, 2122, 1858, 64685, 22074, 820, 58595, 210860, 691, 107846, 2295, 129, 11887, 291870, 31005, 36549, 64685, 38050, 356483, 48572, 140823, 7303, 14411, 14165, 36046, 9383, 216282, 86825, 12227, 41154, 9526, 1389, 110683, 45138, 11308, 9093, 27569, 13836, 5854, 8875, 84188, 9896, 106845, 240, 7516, 10661, 320], "genre_freq": {"Action": 21, "Adventure": 14, "Fantasy": 6, "Science Fiction": 11, "Crime": 12, "Drama": 33, "Thriller": 26, "Animation": 4, "Family": 8, "Western": 1, "Comedy": 23, "Romance": 10, "Horror": 6, "Mystery": 2, "History": 3, "War": 1, "Music": 3, "Documentary": 1, "Foreign": 1, "TV Movie": 0}, "genre_freq_divided": {"Action": 7.033333333333333, "Adventure": 4.616666666666667, "Fantasy": 1.8333333333333333, "Science Fiction": 3.6166666666666667, "Crime": 3.7833333333333337, "Drama": 16.15, "Thriller": 9.366666666666667, "Animation": 1.0333333333333332, "Family": 1.9833333333333332, "Western": 0.3333333333333333, "Comedy": 9.566666666666665, "Romance": 3.45, "Horror": 2.333333333333333, "Mystery": 0.5833333333333333, "History": 1.0, "War": 0.25, "Music": 0.8666666666666667, "Documentary": 1.0, "Foreign": 0.2, "TV Movie": 0}}