{"username": "Aman", "movie_ids": [692, 1921, 14434, 21610, 80274, 12100, 4997, 10140, 43947, 16651, 16769, 10628, 10393, 65203, 36825, 13963, 21301, 84318, 7510, 11184, 304357, 302688, 1125, 319069, 206647, 8452, 22832, 5689, 48138, 34341, 9928, 563, 557, 14578, 16608, 38117, 2275, 542, 133694, 8987, 9823, 43593, 20009, 280092, 11382, 55180, 119458, 208869, 10786, 28053, 284, 22794, 676, 985, 22314, 2502, 4327, 39180, 2294, 4997, 50321, 45132, 15797, 13001, 232679, 10437, 5722, 227975, 25983, 218500, 12271, 37080], "genre_freq": {"Action": 21, "Adventure": 13, "Fantasy": 6, "Science Fiction": 7, "Crime": 15, "Drama": 35, "Thriller": 17, "Animation": 3, "Family": 9, "Western": 2, "Comedy": 25, "Romance": 13, "Horror": 6, "Mystery": 5, "History": 3, "War": 2, "Music": 3, "Documentary": 3, "Foreign": 0, "TV Movie": 0}, "genre_freq_divided": {"Action": 6.949999999999999, "Adventure": 3.8666666666666667, "Fantasy": 1.9999999999999998, "Science Fiction": 2.9166666666666665, "Crime": 4.2, "Drama": 16.66666666666667, "Thriller": 5.533333333333333, "Animation": 0.9166666666666665, "Family": 2.75, "Western": 1.1666666666666667, "Comedy": 11.116666666666669, "Romance": 5.083333333333333, "Horror": 2.25, "Mystery": 1.5833333333333333, "History": 1.0833333333333333, "War": 0.5833333333333333, "Music": 1.3333333333333333, "Documentary": 2.0, "Foreign": 0, "TV Movie": 0}}