{"username": "ttirth", "movie_ids": [4234, 26389, 14429, 28211, 10806, 144340, 146, 36668, 9455, 283445, 9587, 17926, 66125, 157909, 64499, 280092, 283445, 75656, 1257, 49521, 36549, 10202, 51540, 76494, 72190, 44564, 26428, 9682, 9988, 30309, 9672, 17113, 36658, 89750, 68718, 2009, 24424, 1273, 39939, 66607, 9656, 27936, 26916, 2895, 14014, 38303, 18238, 18828, 2662, 389, 4011, 49530, 9693, 951, 36355, 9312, 257211, 9389, 129139, 332411, 105864, 9012, 184345, 241259, 211557, 11531], "genre_freq": {"Action": 16, "Adventure": 10, "Fantasy": 5, "Science Fiction": 9, "Crime": 8, "Drama": 26, "Thriller": 16, "Animation": 3, "Family": 6, "Western": 1, "Comedy": 26, "Romance": 11, "Horror": 12, "Mystery": 6, "History": 1, "War": 0, "Music": 0, "Documentary": 2, "Foreign": 1, "TV Movie": 0}, "genre_freq_divided": {"Action": 4.65, "Adventure": 2.95, "Fantasy": 2.5, "Science Fiction": 2.6166666666666667, "Crime": 3.0, "Drama": 12.983333333333333, "Thriller": 5.366666666666666, "Animation": 0.9166666666666665, "Family": 1.9166666666666665, "Western": 0.5, "Comedy": 13.45, "Romance": 4.116666666666667, "Horror": 6.866666666666666, "Mystery": 1.9999999999999998, "History": 0.3333333333333333, "War": 0, "Music": 0, "Documentary": 1.5, "Foreign": 0.3333333333333333, "TV Movie": 0}}