{"username": "Ayan", "movie_ids": [9515, 36668, 1651, 96724, 215924, 10393, 13490, 190955, 496, 218043, 46528, 21014, 9787, 9893, 47890, 38970, 8272, 77459, 13569, 44113, 398, 1487, 11033, 27845, 12163, 3028, 24869, 13503, 100275, 13495], "genre_freq": {"Action": 8, "Adventure": 4, "Fantasy": 4, "Science Fiction": 4, "Crime": 4, "Drama": 14, "Thriller": 8, "Animation": 1, "Family": 2, "Western": 2, "Comedy": 12, "Romance": 4, "Horror": 4, "Mystery": 2, "History": 0, "War": 0, "Music": 0, "Documentary": 0, "Foreign": 0, "TV Movie": 0}, "genre_freq_divided": {"Action": 3.3166666666666664, "Adventure": 0.9833333333333334, "Fantasy": 1.2333333333333334, "Science Fiction": 1.2499999999999998, "Crime": 1.3666666666666667, "Drama": 7.533333333333333, "Thriller": 2.3166666666666664, "Animation": 0.2, "Family": 0.7, "Western": 0.7, "Comedy": 6.566666666666666, "Romance": 1.6666666666666665, "Horror": 1.5, "Mystery": 0.6666666666666666, "History": 0, "War": 0, "Music": 0, "Documentary": 0, "Foreign": 0, "TV Movie": 0}}