{"username": "Sai Shashank", "movie_ids": [109414, 57120, 9728, 21413, 9280, 325789, 260346, 9550, 14113, 51995, 45881, 12117, 700, 66, 433, 468, 9562, 51995, 2309, 9833, 22897, 13187, 4515, 33155], "genre_freq": {"Action": 8, "Adventure": 5, "Fantasy": 3, "Science Fiction": 2, "Crime": 3, "Drama": 12, "Thriller": 10, "Animation": 1, "Family": 4, "Western": 1, "Comedy": 9, "Romance": 7, "Horror": 1, "Mystery": 1, "History": 1, "War": 0, "Music": 0, "Documentary": 0, "Foreign": 0, "TV Movie": 1}, "genre_freq_divided": {"Action": 2.6666666666666665, "Adventure": 1.4999999999999998, "Fantasy": 1.0, "Science Fiction": 0.8333333333333333, "Crime": 1.0, "Drama": 4.166666666666667, "Thriller": 3.5000000000000004, "Animation": 0.25, "Family": 1.25, "Western": 0.5, "Comedy": 3.25, "Romance": 2.75, "Horror": 0.5, "Mystery": 0.3333333333333333, "History": 0.25, "War": 0, "Music": 0, "Documentary": 0, "Foreign": 0, "TV Movie": 0.25}}