{"genre_freq_divided": {"Science Fiction": 2.1166666666666663, "TV Movie": 0, "Family": 0.25, "History": 0.5333333333333333, "Drama": 4.433333333333334, "Comedy": 6.616666666666667, "War": 0, "Horror": 3.6166666666666667, "Romance": 2.433333333333333, "Fantasy": 0.6166666666666667, "Music": 0.7, "Foreign": 0, "Action": 4.15, "Mystery": 1.4000000000000001, "Western": 1.2, "Crime": 1.0, "Thriller": 3.066666666666667, "Animation": 0, "Documentary": 2.0, "Adventure": 1.8666666666666667}, "genre_freq": {"Science Fiction": 7, "TV Movie": 0, "Family": 1, "History": 2, "Drama": 12, "Comedy": 15, "War": 0, "Horror": 9, "Romance": 9, "Fantasy": 3, "Music": 2, "Foreign": 0, "Action": 11, "Mystery": 5, "Western": 2, "Crime": 3, "Thriller": 9, "Animation": 0, "Documentary": 2, "Adventure": 7}, "username": "dolton", "movie_ids": [139715, 21208, 14869, 11217, 76487, 49521, 2575, 331745, 9362, 367551, 1544, 192134, 127918, 9582, 59, 10003, 11375, 8456, 16388, 329, 18841, 14283, 9624, 226486, 11637, 28260, 45649, 60309, 218500, 22804, 12621, 14877, 11007, 123553, 39269, 16995]}