{"username": "yoogottamk", "movie_ids": [14337, 320435, 8643, 329, 35169, 11170, 49963, 75033, 20766, 788, 224569, 46415, 22787, 20083, 55720, 8373, 4929, 5172, 352978, 39800, 209403, 2830, 81836, 77866, 20083, 92591, 133931, 23685, 20406, 326576, 1726, 13700, 8408, 38745, 4806, 19724, 22894, 18240, 287625, 417859, 11442, 13501, 10588], "genre_freq": {"Action": 11, "Adventure": 10, "Fantasy": 4, "Science Fiction": 7, "Crime": 7, "Drama": 19, "Thriller": 10, "Animation": 4, "Family": 5, "Western": 1, "Comedy": 19, "Romance": 7, "Horror": 4, "Mystery": 1, "History": 0, "War": 0, "Music": 1, "Documentary": 0, "Foreign": 0, "TV Movie": 0}, "genre_freq_divided": {"Action": 2.983333333333334, "Adventure": 3.233333333333334, "Fantasy": 0.9333333333333333, "Science Fiction": 2.583333333333333, "Crime": 1.8333333333333333, "Drama": 8.783333333333331, "Thriller": 3.0, "Animation": 1.15, "Family": 1.6166666666666665, "Western": 1.0, "Comedy": 9.316666666666666, "Romance": 2.8666666666666667, "Horror": 2.25, "Mystery": 0.25, "History": 0, "War": 0, "Music": 0.2, "Documentary": 0, "Foreign": 0, "TV Movie": 0}}