{"username": "Ammar", "movie_ids": [76489, 9923, 1777, 157849, 2698, 745, 354624, 100402, 451, 283671, 38665, 26390, 17663, 90414, 177572, 77948, 1934, 1951, 5551, 6538, 168530, 14758, 323677, 188207, 172533, 16577, 8859, 205584, 100042, 38358, 58574, 10590, 18360, 935, 36819, 2661, 415, 80274, 4248, 142061, 7737, 128, 9802, 9819, 4148, 956, 10674, 27686, 10358, 37710, 3083, 431, 594, 218, 480, 72559, 13475, 49444, 8848, 20526, 135595, 49026, 325140, 250184, 16988], "genre_freq": {"Action": 26, "Adventure": 18, "Fantasy": 6, "Science Fiction": 11, "Crime": 7, "Drama": 22, "Thriller": 16, "Animation": 7, "Family": 10, "Western": 1, "Comedy": 18, "Romance": 10, "Horror": 3, "Mystery": 3, "History": 3, "War": 2, "Music": 1, "Documentary": 1, "Foreign": 0, "TV Movie": 0}, "genre_freq_divided": {"Action": 9.149999999999999, "Adventure": 5.383333333333334, "Fantasy": 2.4, "Science Fiction": 3.2333333333333334, "Crime": 2.1999999999999997, "Drama": 10.750000000000002, "Thriller": 6.166666666666666, "Animation": 2.4499999999999997, "Family": 3.0500000000000003, "Western": 0.25, "Comedy": 9.466666666666667, "Romance": 4.25, "Horror": 1.0, "Mystery": 0.9166666666666665, "History": 1.1666666666666665, "War": 0.6666666666666666, "Music": 0.5, "Documentary": 1.0, "Foreign": 0, "TV Movie": 0}}