{"username": "varun", "movie_ids": [239, 10218, 17264, 84204, 71547, 25968, 539, 25793, 76617, 9991, 25208, 28005, 30139, 48309, 23531, 848, 50646, 177572, 19933, 9683, 11843, 312791, 256687, 9331, 16320, 12159, 13342, 266647, 14191, 8676, 9746, 46989, 11469, 9009, 58492, 22617, 16112, 5176, 11835, 4011, 889, 14220, 12207, 11453, 11062, 6538, 22796, 9730, 6552, 2503, 2989, 38055, 557, 699, 1690, 10521, 5178, 4244, 116977, 9509, 17734, 8198, 36549, 9880, 11690], "genre_freq": {"Action": 15, "Adventure": 10, "Fantasy": 9, "Science Fiction": 5, "Crime": 3, "Drama": 26, "Thriller": 22, "Animation": 4, "Family": 12, "Western": 1, "Comedy": 30, "Romance": 16, "Horror": 9, "Mystery": 3, "History": 2, "War": 0, "Music": 1, "Documentary": 1, "Foreign": 0, "TV Movie": 0}, "genre_freq_divided": {"Action": 5.233333333333334, "Adventure": 3.2, "Fantasy": 3.75, "Science Fiction": 1.2, "Crime": 0.75, "Drama": 11.250000000000002, "Thriller": 7.666666666666666, "Animation": 0.8166666666666667, "Family": 4.15, "Western": 1.0, "Comedy": 13.81666666666667, "Romance": 5.999999999999999, "Horror": 4.0, "Mystery": 0.8333333333333333, "History": 0.6666666666666666, "War": 0, "Music": 0.16666666666666666, "Documentary": 0.5, "Foreign": 0, "TV Movie": 0}}